{
    "loss": 1.3328286409378052,
    "accuracy": 0.39047619700431824
}