{
    "loss": 1.3611257076263428,
    "accuracy": 0.43809524178504944
}