{
    "loss": 1.3456718921661377,
    "accuracy": 0.29206350445747375
}